<?xml version="1.0" encoding="UTF-8"?>
<TEI xmlns="http://www.tei-c.org/ns/1.0">
  <teiHeader type="ISBD-ER">
    <fileDesc>
   <titleStmt>
    <title type="main">Lancaster-Oslo-Bergen corpus of modern English (LOB) : [tagged, horizontal format] / Stig Johansson</title>
        <editor>Johansson, Stig, 1924-2010</editor>
      </titleStmt>
      <extent>
        <seg type="designation">Text data</seg>
        <seg type="size">(45 files : ca. 37.5 MB)</seg>
      </extent>
      <publicationStmt>
        <authority>[Depositor details removed]</authority>
        <distributor>
          <orgName type="OTA">University of Oxford Text Archive</orgName>
          <placeName>Oxford</placeName>
          <address>
            <orgName type="OTA">University of Oxford Text Archive</orgName>
            <orgName type="UOXF">Bodleian Libraries, University of Oxford</orgName>
            <addrLine>Broad Street</addrLine>
            <addrLine>Oxford</addrLine>
            <addrLine>OX1 3BG</addrLine>
          </address>
          <email>ota@bodleian.ox.ac.uk</email>
        </distributor>
        <idno type="OTA">0167</idno>
        <idno type="ota">0167</idno>
	<idno type="PURL">http://purl.ox.ac.uk/ota/0167</idno>
  	<availability n="OTA-new" status="free" rend="visible">
          <licence target="http://creativecommons.org/licenses/by-nc-sa/3.0/">
	  Distributed by the University of Oxford under a Creative Commons
	  Attribution-NonCommercial-ShareAlike 3.0 Unported License.</licence>
        </availability>
      </publicationStmt>
      <notesStmt>
        <note>Corpus</note>
      </notesStmt>
      <sourceDesc>
        <biblFull xml:id="a">
     <titleStmt>
      <title>Lancaster-Oslo-Bergen corpus of modern English : [tagged, horizontal format]</title>
            <editor>Johansson, Stig, 1924-2010</editor>
          </titleStmt>
          <publicationStmt>
            <publisher>[University of Oslo. Institute of British and American Studies]</publisher>
            <pubPlace>[Oslo]</pubPlace>
            <date>s.d</date>
          </publicationStmt>
          <notesStmt>
            <note type="addedinfo">Hofland, Knut, and Johansson, Stig, 1924- . -- Manual of information to accompany the [Lancaster/Oslo/Bergen] corpus of British English for use with digital computers. -- Bergen : Norwegian Computing Centre for the Humanities, 1982</note>
            <note type="addedinfo">Johansson, Stig, 1924- et al. -- The tagged [Lancaster/Oslo/Bergen] corpus users' manual. -- Bergen : Norwegian Computing Centre for the Humanities, 1986</note>
            <note type="publrel">Publication based on OTA text:  Leech, Geoffrey N., and Leonard, Rosemary, 1938- . -- “A computer corpus of British English” in Hamburger phonetische beiträge 13 (1974): 41-57</note>
            <note type="publrel">Publication based on OTA text:  Leonard, Rosemary, 1938- . -- “Some possible uses of the computer archive of modern English texts” in Association for Literary and Linguistic Computing bulletin 2.2 (1974): 13-19</note>
            <note type="publrel">Publication based on OTA text:  Leonard, Rosemary, 1938- . -- “The computer archive of modern English texts” in Computational and mathematical linguistics : proceedings of the International Conference on Computational Linguistics : Pisa, 27/VIII-1/IX 1973. -- Zampolli, Antonio, and Calzolari, N., ed. -- Firenze : Olschki Editore, 1977-1980. -- (Biblioteca dell’“Archivum Romanicum”. Serie 2 : Linguistica ; 36-37)</note>
            <note type="publrel">Publication based on OTA text:  Johansson, Stig, 1924- . -- “Two corpora of modern English texts : presentation and comments” in Et norsk datamaskinelt testkorpus : rapport fra en konferanse i Bergen, 19. og 20. oktober 1978. -- Bergen : Norwegian Computing Centre for the Humanities, 1979</note>
            <note type="publrel">Publication based on OTA text:  Johansson, Stig, 1924- , and Hofland, Knut. -- Microfiche concordance of the Lancaster-Oslo/Bergen corpus. -- Bergen : Norwegian Computing Centre for the Humanities, 1979</note>
            <note type="publrel">Publication based on OTA text:  Johansson, Stig, 1924- . -- “Corpus-based studies of British and American English” in Papers from the Scandanavian Symposium and American English, Stockholm, May, 18-19, 1979. -- Stockholm : Almqvist [and] Wiksell, 1980. -- (Stockholm studies in English ; 52)</note>
            <note type="publrel">Publication based on OTA text:  Johansson, Stig, 1924- . -- “Word frequencies in British and American English : some preliminary observations” in ALVAR : a linguistically varied assortment of readings. Studies presented to Alvar Ellegård on the occasion of his 60th birthday. -- Stockholm : University of Stockholm. Deptartment of English, 1980</note>
            <note type="publrel">Publication based on OTA text:  Hofland, Knut, and Johansson, Stig, 1924- . -- Word frequencies in British and American English. -- Bergen : Norwegian Computing Centre for the Humanities, 1982</note>
            <note type="publrel">Publication based on OTA text:  Atwell, Eric, Leech, Geoffrey N., and Garside, Roger F. -- “Analysis of the [Lancaster/Oslo/Bergen] corpus : progress and prospects” in Corpus linguistics : recent developments in the use of computer corpora in English language research. -- Aarts, Jan M. G., and Meijs, Willem, eds. -- Amsterdam : Rodopi, 1984. -- (Costerus. New series ; 45). -- ISBN 9062036961. -- pp. 41-52</note>
            <note type="publrel">Publication based on OTA text:  Meijs, Willem. -- “‘You can do so if you want to’ : some elliptic structures in Brown and LOB and their syntactic description” in Corpus linguistics : recent developments in the use of computer corpora in English language research. -- Aarts, Jan M. G., and Meijs, Willem, eds. -- Amsterdam : Rodopi, 1984. -- (Costerus. New series ; 45). -- ISBN 9062036961. -- pp. 141-162</note>
            <note type="publrel">Publication based on OTA text:  Johansson, Stig, 1924- , and Hofland, Knut. -- Frequency analysis of English vocabulary and grammar : based on the [Lancaster/Oslo/Bergen] corpus. -- Oxford : Clarendon Press, 1989. -- 2 v. -- ISBN 0-19-824221-2 (v. 1). -- ISBN 0-19-824222-0 (v. 2)</note>
            <note type="publrel">Publication based on OTA text:  Belmore, Nancy. -- “Working with Brown and [Lancaster/Oslo/Bergen] on a microcomputer” in Theory and practice in corpus linguistics. -- Aarts, Jan M. G., and Meijs, Willem, eds. -- Amsterdam ; Atlanta [GA] : Rodopi, 1990. -- (Language and computers. Studies in practical linguistics ; 4). -- ISBN 9051831749</note>
          </notesStmt>
        </biblFull>
      </sourceDesc>
    </fileDesc>
    <encodingDesc>
      <projectDesc>
        <p>“The LOB corpus...aims at a general representation of text types for research on a broad range of aspects of the [English] language...[and] was matched as closely as possible with the...[Brown corpus of present day American English]” — word frequencies in British and American English / Knut Hofland [and] Stig Johansson. Bergen : Norwegian Computing Centre for the Humanities, 1982, p. 1</p>
      </projectDesc>
      <editorialDecl>
            <p>This is a legacy resource. It is likely to be difficult to use, and is now mainly of interest for the study of the history of text encoding or digital humanities.</p>
        <p>Encoding format: Plain text, tagged, horizontal</p>
      </editorialDecl>
      <classDecl>
        <taxonomy xml:id="OTASH">
          <bibl>University of Oxford Text Archive Subject Headings</bibl>
        </taxonomy>
        <taxonomy xml:id="LCSH">
          <bibl>Library of Congress Subject Headings</bibl>
        </taxonomy>
      </classDecl>
    </encodingDesc>
    <profileDesc>
      <creation>
        <date>1978</date>
      </creation>
      <langUsage>
        <language ident="eng">English</language>
      </langUsage>
      <textClass>
        <keywords scheme="#OTASH">
          <term type="genre">Anthologies</term>
        </keywords>
        <keywords scheme="#LCSH">
          <term type="genre">Linguistic analysis (Linguistics)</term>
        </keywords>
        <keywords scheme="#LCSH">
          <term type="genre">English language -- Spoken English</term>
        </keywords>
        <keywords scheme="#LCSH">
          <term type="genre">English language -- United Kingdom -- 20th century</term>
        </keywords>
        <keywords scheme="#LCSH">
          <term type="genre">English language -- United States -- 20th century</term>
        </keywords>
      </textClass>
      <textClass>
        <keywords scheme="http://www.ota.ox.ac.uk/processing">
          <term type="class">corpus</term>
          <term type="license">Free for non-commercial use</term>
        </keywords>
      </textClass>
    </profileDesc>
    <revisionDesc>
      <change><date>2002-09-17</date><label>Cataloguer</label><name>Colley, Greg</name>Header recomposed with TEIXML header
      </change>
      <change><date>1998-01-14</date><label>Converter</label><name>Burnard, Lou</name>Header auto-generated from TOMES
      </change>
    </revisionDesc>
  </teiHeader>
  <text>
    <body>
      <div type="OTA-filemap" rend="visible" n="unrestricted"/>
        <ab type="dir">
          <seg type="part">1</seg>
          <ptr type="resourcePart" target="download"/>
        </ab>
    </body>
  </text>
</TEI>
